{
  "project_info": {
    "project_number": "212064597802",
    "firebase_url": "https://movementtracker-61229.firebaseio.com",
    "project_id": "movementtracker-61229",
    "storage_bucket": "movementtracker-61229.appspot.com"
  },
  "client": [
    {
      "client_info": {
        "mobilesdk_app_id": "1:212064597802:android:13c5db3abe827a7ce9d053",
        "android_client_info": {
          "package_name": "com.shubham.movementtracker"
        }
      },
      "oauth_client": [
        {
          "client_id": "212064597802-gqcf52tj15vhr8b1m9ue0m04jem4nvkd.apps.googleusercontent.com",
          "client_type": 3
        }
      ],
      "api_key": [
        {
          "current_key": "AIzaSyD07XXExRmFZv9IZ4Paopzh8lDfIl9Cd-Y"
        }
      ],
      "services": {
        "appinvite_service": {
          "other_platform_oauth_client": [
            {
              "client_id": "212064597802-gqcf52tj15vhr8b1m9ue0m04jem4nvkd.apps.googleusercontent.com",
              "client_type": 3
            }
          ]
        }
      }
    }
  ],
  "configuration_version": "1"
}